{"lowlevel.dissonance.mean": [-0.14543986320495605], "sfx.inharmonicity.mean": [0.23571531474590302], "lowlevel.spectral_contrast.mean": [[0.8411596417427063, 0.32538366317749023, 0.2267894744873047, 0.1591348648071289, 0.17565464973449707, 0.20280218124389648]], "lowlevel.spectral_centroid.mean": [0.3086010217666626], "lowlevel.mfcc.mean": [[0.10676515102386475, 0.3281775712966919, 0.7003746032714844, 0.649151086807251, 0.6831470131874084, 0.5675126314163208, 0.4905620515346527, 0.3368344306945801, 0.25495168566703796, 0.1434544026851654, 0.13303092122077942, 0.10445305705070496, 0.15579533576965332]], "sfx.logattacktime.mean": [0.17795106768608093], "lowlevel.hfc.mean": [0.46509572863578796]}