{"lowlevel.dissonance.mean": [-0.5454219579696655], "sfx.inharmonicity.mean": [0.2111668437719345], "lowlevel.spectral_contrast.mean": [[1.3650150299072266, 1.1608792543411255, 0.8118888139724731, 0.4875330924987793, 0.19836735725402832, 0.19402670860290527]], "lowlevel.spectral_centroid.mean": [0.31608518958091736], "lowlevel.mfcc.mean": [[0.38653528690338135, 0.8990374803543091, 0.9281947612762451, 0.38805967569351196, 0.1443963348865509, 0.107940673828125, 0.22816750407218933, 0.10821148753166199, -0.10436928272247314, -0.33619165420532227, -0.33182084560394287, -0.31393295526504517, -0.3641626238822937]], "sfx.logattacktime.mean": [0.3796679377555847], "lowlevel.hfc.mean": [0.4841132164001465]}