{"lowlevel.dissonance.mean": [-0.009835124015808105], "sfx.inharmonicity.mean": [0.22560639679431915], "lowlevel.spectral_contrast.mean": [[0.8268051147460938, 0.6988719701766968, 0.576080322265625, 0.5204014778137207, 0.5373926162719727, 0.29282116889953613]], "lowlevel.spectral_centroid.mean": [0.31092339754104614], "lowlevel.mfcc.mean": [[0.38859808444976807, 0.7129135131835938, 0.6859533786773682, 0.7177329063415527, 0.8339288234710693, 0.5382112264633179, 0.49716871976852417, 0.603845477104187, 0.44743722677230835, 0.2420460730791092, 0.44788846373558044, 0.4837143123149872, 0.4256301820278168]], "sfx.logattacktime.mean": [0.45715272426605225], "lowlevel.hfc.mean": [0.4667401909828186]}