{"lowlevel.dissonance.mean": [-0.6574269533157349], "sfx.inharmonicity.mean": [0.3343728184700012], "lowlevel.spectral_contrast.mean": [[0.36734068393707275, 1.6738944053649902, 1.4446275234222412, 0.5209662914276123, 0.29510974884033203, 0.18575811386108398]], "lowlevel.spectral_centroid.mean": [0.3367176949977875], "lowlevel.mfcc.mean": [[0.34404754638671875, 0.7224056720733643, 0.6460896730422974, 0.0512503981590271, -0.2602410316467285, -0.3546200394630432, -0.07837998867034912, 0.08648130297660828, -0.041745781898498535, -0.18933409452438354, 0.07663550972938538, 0.41011524200439453, 0.6279604434967041]], "sfx.logattacktime.mean": [0.35098350048065186], "lowlevel.hfc.mean": [0.4912097156047821]}