{"lowlevel.dissonance.mean": [-0.2941054105758667], "sfx.inharmonicity.mean": [0.2658213973045349], "lowlevel.spectral_contrast.mean": [[1.1489052772521973, 1.0859850645065308, 0.7463395595550537, 0.4732804298400879, 0.30356717109680176, 0.31978940963745117]], "lowlevel.spectral_centroid.mean": [0.32112810015678406], "lowlevel.mfcc.mean": [[0.403717041015625, 0.8198660612106323, 0.9171652793884277, 0.6241450905799866, 0.46428391337394714, 0.3819909691810608, 0.2861127257347107, 0.10274818539619446, 0.1565639078617096, -0.015015631914138794, -0.0887676477432251, -0.175662100315094, -0.1679052710533142]], "sfx.logattacktime.mean": [0.24603909254074097], "lowlevel.hfc.mean": [0.46721866726875305]}