{"lowlevel.dissonance.mean": [0.639092206954956], "sfx.inharmonicity.mean": [0.6600368618965149], "lowlevel.spectral_contrast.mean": [[0.27818965911865234, 0.45826029777526855, 0.5738089084625244, 1.5970572233200073, 0.7411189079284668, 0.5047078132629395]], "lowlevel.spectral_centroid.mean": [0.4793127775192261], "lowlevel.mfcc.mean": [[0.39347755908966064, 0.1399758756160736, -0.03158196806907654, 0.08852583169937134, 0.5732970237731934, 0.7241503000259399, 0.5132302045822144, 0.27372169494628906, 0.19898420572280884, 0.9172418117523193, 1.5199544429779053, 0.3413921594619751, 0.13998955488204956]], "sfx.logattacktime.mean": [0.25074249505996704], "lowlevel.hfc.mean": [0.5160655379295349]}