{"lowlevel.dissonance.mean": [-0.6090871095657349], "sfx.inharmonicity.mean": [0.2999536395072937], "lowlevel.spectral_contrast.mean": [[0.34250640869140625, 1.6150410175323486, 1.3962759971618652, 0.6198878288269043, 0.24971866607666016, 0.22398114204406738]], "lowlevel.spectral_centroid.mean": [0.33628934621810913], "lowlevel.mfcc.mean": [[0.33394408226013184, 0.7051588296890259, 0.6201653480529785, 0.0010481476783752441, -0.24916476011276245, -0.2660156488418579, -0.06615346670150757, -0.015581876039505005, -0.10111939907073975, -0.19694751501083374, 0.01064959168434143, 0.30815452337265015, 0.5667176842689514]], "sfx.logattacktime.mean": [0.34182459115982056], "lowlevel.hfc.mean": [0.488042950630188]}